 <notes> <note><to>Praveen</to><from>Jani</from><heading>Reminder</heading><body>Dont forget me this weekend</body></note>  <note><to>Tove</to><from>Jani</from><heading>Reminder</heading><body>Dont forget me this weekend</body></note> <note><to>Tove</to><from>Jani</from><heading>Reminder</heading><body>Dont forget me this weekend</body></note>  <note><to>Tove</to><from>Jani</from><heading>Reminder</heading><body>Dont forget me this weekend</body></note> <note><to>Tove</to><from>Jani</from><heading>Reminder</heading><body>Dont forget me this weekend</body></note>  <note><to>Tove</to><from>Jani</from><heading>Reminder</heading><body>Dont forget me this weekend</body></note> <note><to>Tove</to><from>Jani</from><heading>Reminder</heading><body>Dont forget me this weekend</body></note>  <note><to>Tove</to><from>Jani</from><heading>Reminder</heading><body>Dont forget me this weekend</body></note><note><to>Tove</to><from>Jani</from><heading>Reminder</heading><body>Dont forget me this weekend</body></note>  <note><to>Venkatesh</to><from>Jani</from><heading>Reminder</heading><body>Dont forget me this weekend</body></note></notes>