[{
    "uid": "1",
    "firstName": "venkat",
    "email": "venkatarmana126@yahoo.com",
    "designation": "Angular UI Developer",
    "dob":"11/02/1990",
    "pipe":"age"
  }, 
  {
    "uid": "2",
    "firstName": "ganga",
    "email": "ganga126@yahoo.com",
    "designation": "Angular UI Developer",
    "dob":"11/02/1993",
    "pipe":"age"
  },
  {
    "uid": "3",
    "firstName": "pk",
    "email": "pk123@yahoo.com",
    "designation": "Angular UI Developer",
    "dob":"11/02/1992",
    "pipe":"age"
  }, {
    "uid": "14",
    "firstName": "manu",
    "email": "manu@yahoo.com",
    "designation": "JAVA Developer",
    "dob":"11/02/1999",
    "pipe":"age"
  },
  {
    "uid": "14",
    "firstName": "manu",
    "email": "manu@yahoo.com",
    "designation": "JAVA Developer",
    "dob":"11/02/1999",
    "pipe":"age"
  },
  {
    "uid": "14",
    "firstName": "manu",
    "email": "manu@yahoo.com",
    "designation": "JAVA Developer",
    "dob":"11/02/1999",
    "pipe":"age"
  }
]
